<?xml version="1.0" encoding="UTF-8" standalone="yes"?>
<addon id="plugin.video.cuba-tv"
       name="[COLOR red]CUBA[/COLOR][COLOR blue]-TV[/COLOR]"
       version="[COLOR yellow]0.0.3[/COLOR]"
       provider-name="[COLOR orange][B]Alex Lopez Rodriguez[/B][/COLOR]">
  <requires>
    <import addon="xbmc.python" version="2.1.0"/>
    <import addon="script.module.beautifulsoup" version="3.2.1"/>
    <import addon="script.module.simple.downloader" version="0.9.4"/>
    <import addon="script.module.beautifulsoup4" />
    <import addon="script.module.requests" />
    <import addon="script.module.httplib2" />
    <import addon="script.module.youtube.dl" optional="true"/>
    <import addon="plugin.video.youtube" optional="true" />
    <import addon="script.module.urlresolver" optional="true"/>
    <import addon="script.module.simplejson" />
	<import addon="script.module.livestreamer" optional="true"/>
  </requires>
  <extension point="xbmc.python.pluginsource" library="default.py">
    <provides>video</provides>
  </extension>
  <extension point="xbmc.addon.metadata">
    <summary>[COLOR red][B]*JALEXFILMS PRESENTA*[/B][/COLOR]</summary>
    <description lang="en">[COLOR lime] [B] * CUBA AND OUR BEST WISHES * [/ B] [/ COLOR] [COLOR red] [B] CUBA-TV [/ B] [/ COLOR] based on LivetreamsPro by Shani "All rights to this author "this add-on is created in order to bring content to all Latinos especially Cubans who are outside the isla.Telegram [COLOR orange] telegram.me/cubatv [/ COLOR] (facebook) [ COLOR blue]/groups/addoncubatv [/ COLOR] [COLOR skyblue][B]!!! Thank you for enjoying our contenido¡¡¡[/B][/COLOR]</description>
<description lang="es">[COLOR lime][B]*CUBA Y NUESTROS MEJORES RECUERDOS*[/B][/COLOR] [COLOR red][B]CUBA-TV[/B][/COLOR] based on LivetreamsPro by Shani "All rights to this author" este add-on esta creado con el fin de llevar contenido a todos los latinos en especial a los cubanos que se encuentran fuera de la isla.Telegram:[COLOR orange]telegram.me/cubatv[/COLOR](facebook)[COLOR blue]/groups/addoncubatv[/COLOR] [COLOR skyblue][B]!!!Gracias por disfrutar de nuestro contenido¡¡¡[/B][/COLOR]</description>
     <disclaimer lang="en">CUBA-TV is free and at your own risk if the laws in your country prohibit reproduction of this content</disclaimer>
		<disclaimer lang="es">CUBA-TV es gratuito y bajo tu responsabilidad si las leyes en tu pais prohiben la reproduccion de este contenido</disclaimer>
    <platform>all</platform>
  </extension>
</addon>
