
<?xml version="1.0" encoding="UTF-8" standalone="yes"?>
<addon id="repository.cuba-tv" name="cuba-tv official Repo" version="0.0.1" provider-name="Alex Lopez Rodriguez">
	<extension point="xbmc.addon.repository" name="cuba-tv official Repo">
		<info compressed="false">https://raw.githubusercontent.com/cuba-tv/repo/master/addons.xml</info>
		<checksum>https://raw.githubusercontent.com/cuba-tv/repo/master/addons.xml.md5</checksum>
		<datadir zip="true">https://raw.githubusercontent.com/cuba-tv/repo/master</datadir>
	</extension>
	<extension point="xbmc.addon.metadata">
		<summary>cuba-tv official Repo</summary>
   		<description lang="en">Instala el Addon cuba-tv.</description>
		<disclaimer></disclaimer>
		<platform>all</platform>
	</extension>
</addon>